"Keyword","Intent","Relevance","Volume","KD %","PKD %","Pot. traffic","CPC","Competition","Results","Trend","SERP Features","Updated"
"manufactured home mortgage calculator","N","56","2900","19","","","1.06","0.27","101","100,3,3,4,3,1,8,16,2,1,3,2","7,9,28,50","20260801"
"mortgage calculator hawaii","N","54","1300","13","","","1.4","0.52","108","54,66,66,54,54,41,54,66,41,41,41,54","9,14,28","20260801"
"mortgage calculator kansas","N","58","1300","8","","","0.74","0.52","106","27,36,36,36,27,27,24,27,20,100,24,24","7,9,28","20260801"
"mortgage calculator nevada","N","63","880","13","","","0.95","0.48","115","76,100,76,67,67,55,36,45,36,45,45,45","7,9,21,28","20260801"
"15 vs 30 year mortgage calculator","N","61","720","21","","","0.67","0.22","122","36,67,45,55,55,76,67,67,55,55,55,55","7,9,28","20260801"
"bi weekly mortgage calculator","N","53","720","23","","","0.58","0.06","122","31,37,37,31,31,31,31,52,31,37,84,37","9,21,28","20260801"
"jumbo mortgage calculator","N","67","720","23","","","2.29","0.15","18","67,45,45,67,45,55,76,100,55,45,55,76","6,7,21,28","20260801"
"mortgage calculator nm","N","61","720","8","","","1.49","0.52","101","67,81,81,81,81,81,81,100,81,81,67,67","9,21,28","20260801"
"mortgage calculator south carolina","N","58","720","21","","","0.83","0.47","101","30,24,16,55,65,8,20,34,13,3,11,24","7,15,21,28","20260801"
"15 year vs 30 year mortgage calculator","N","61","590","27","","","0.67","0.22","127","30,55,45,55,55,67,55,55,36,36,45,36","7,9,21,28","20260801"
"debt to income ratio mortgage calculator","N","65","590","24","","","1.96","0.45","117","20,36,16,36,30,16,20,81,24,36,16,45","9,21,28","20260801"
"mortgage calculator alaska","N","58","590","6","","","1.56","0.55","86","67,100,81,67,67,54,54,67,54,67,67,67","15,21,28","20260801"
"mortgage calculator for mobile homes","N","57","590","22","","","1.06","0.27","115","100,16,5,13,7,7,7,8,11,8,13,16","7,9,21,28","20260801"
"extra payment bi weekly mortgage calculator","N","53","480","20","","","1.32","0.04","135","48,14,14,39,48,48,48,48,39,72,48,32","7,9,28","20260801"
"louisiana mortgage calculator","N","62","480","16","","","0.67","0.49","92","39,48,39,48,48,39,32,48,39,59,32,21","7,9,21,28","20260801"
"mortgage calculator for mobile home","N","61","480","24","","","1.06","0.27","123","24,45,45,30,30,30,24,24,6,8,24,24","7,9,21,28","20260801"
"ohio mortgage calculator","N","69","480","29","","","0.72","0.52","96","20,16,24,11,20,16,13,11,11,8,13,20","6,9,15,28","20260801"
"tennessee mortgage calculator","N","60","480","15","","","0.52","0.5","107","36,36,24,20,30,24,16,30,100,30,36,30","6,9,28","20260801"
"washington mortgage calculator","N","63","480","27","","","1.19","0.5","102","16,16,13,100,24,7,4,8,5,5,8,8","9,21","20260801"
"mortgage calculator las vegas nevada","N","58","390","11","","","0.99","0.42","147","44,15,15,29,54,44,54,54,54,54,54,44","7,9,21,28","20260801"
"mortgage calculator new mexico","N","61","390","6","","","1.46","0.47","111","54,66,66,66,66,44,44,54,44,54,44,44","9,21,28","20260801"
"mortgage calculator with points","N","67","390","28","","","1.34","0.13","103","32,26,26,26,48,39,39,39,39,39,39,48","6,9,28","20260801"
"30 year vs 15 year mortgage calculator","N","62","320","21","","","0.77","0.3","128","36,36,44,81,15,44,36,54,29,54,54,54","9,21,28","20260801"
"buy to let mortgage calculator","T","49","320","28","","","1.41","0.08","112","7,7,5,7,4,3,5,7,4,30,7,100","7,9,21,28","20260801"
"mortgage calculator mississippi","N","62","320","11","","","0.66","0.53","101","44,44,23,44,66,54,9,54,54,44,36,36","7,9,28","20260801"
"15 year mortgage vs 30 year mortgage calculator","N","61","260","29","","","0.67","0.22","123","81,18,29,100,54,66,100,18,10,22,10,6","7,9,21,28","20260801"
"massachusetts mortgage calculator","N","63","260","21","","","0.73","0.51","100","13,13,13,13,24,20,16,20,13,16,10,55","7,9,28","20260801"
"mortgage calculator austin tx","N","54","260","25","","","1.07","0.6","111","54,100,43,43,43,35,29,54,54,81,43,54","7,9,21,28","20260801"
"mortgage calculator naca","I,T","58","260","25","","","2.46","0.02","108","16,55,24,16,55,24,5,6,8,8,6,5","9,20,21,28","20260801"
"uwcu mortgage calculator","I,T","43","260","20","","","2.39","0.16","103","65,81,81,81,65,53,81,100,81,100,100,81","28","20260801"
"15 versus 30 year mortgage calculator","N","60","210","27","","","0.67","0.22","135","81,29,29,100,54,29,22,29,22,43,22,6","7,9,21,28","20260801"
"15 year versus 30 year mortgage calculator","N","57","210","15","","","0.67","0.22","129","81,22,29,100,54,18,18,18,14,29,14,18","7,9,14,21,28","20260801"
"bi-weekly mortgage calculator","N","55","210","27","","","0.44","0.06","124","21,21,17,14,72,11,14,11,9,5,7,88","9,21,28","20260801"
"kansas mortgage calculator","N","58","210","6","","","0.74","0.52","100","28,23,23,15,18,23,15,100,44,18,35,44","7,9,28","20260801"
"mortgage calculator 30 year vs 15 year","N","60","210","28","","","0.67","0.22","124","23,28,18,66,11,35,18,18,28,100,35,28","7,9,21,28","20260801"
"mortgage calculator biweekly","N","57","210","24","","","0.58","0.06","120","16,11,7,5,13,8,7,8,8,13,13,13","9,21,28,50","20260801"
"multifamily mortgage calculator","N","55","210","24","","","2.54","0.39","131","35,54,43,43,43,54,43,35,29,35,29,29","7,9,21,28","20260801"
"south carolina mortgage calculator","N","59","210","17","","","0.83","0.47","105","5,7,8,3,3,3,1,8,11,3,3,4","6,21,28","20260801"
"loan to debt ratio mortgage calculator","N","67","170","20","","","1.66","0.34","121","80,66,33,52,66,66,66,80,80,100,100,80","9,14,15,21,28,50","20260801"
"mortgage calculator compare","C,N","63","170","21","","","2.67","0.22","129","1,7,7,17,9,17,4,100,48,5,9,7","9,28","20260801"
"mortgage calculator kansas city","N","56","170","7","","","1.93","0.37","131","18,18,15,11,18,11,11,100,54,18,28,44","7,9,28","20260801"
"mortgage calculator uwcu","I,T","44","170","21","","","3.26","0.17","107","26,80,65,65,42,53,53,80,42,65,65,53","28","20260801"
"biggerpockets mortgage calculator","I,T","63","140","15","","","3.2","0.16","108","34,34,43,34,34,65,43,34,34,34,43,43","7,9,28","20260801"
"ent mortgage calculator","C,T","61","140","17","","","0.77","0.3","107","42,80,66,100,52,42,52,80,66,52,52,52","7,21,28","20260801"
"mortgage calculator puerto rico","N","58","140","6","","","0.75","0.18","96","66,100,52,66,52,52,66,66,66,66,52,52","6,7,28","20260801"
"north carolina mortgage calculator","N","60","140","26","","","0.58","0.49","100","24,16,6,10,3,10,8,6,1,30,8,5","7,28","20260801"
"owner finance mortgage calculator","N","59","140","20","","","0.67","0.17","100","53,65,65,53,42,42,42,42,42,42,42,42","9,21,28","20260801"
"rhode island mortgage calculator","N","55","140","12","","","0.69","0.49","94","35,23,43,53,28,17,28,23,17,43,43,17","7,28","20260801"
"bi weekly mortgage calculator with extra payments","N","60","110","29","","","0","0.01","121","18,22,22,18,14,18,22,29,22,22,18,18","9,21,28","20260801"
"buy to let mortgage calculator uk","T","43","110","24","","","0.94","0.37","98","66,11,11,5,3,3,3,5,5,3,3,3","7,9,21,28,50","20260801"
"monthly vs biweekly mortgage calculator","N","58","110","22","","","0.49","0.1","121","52,66,66,52,52,52,42,80,66,52,52,42","9,21,28,50","20260801"
"mortgage calculator for manufactured homes","N","57","110","20","","","1.06","0.27","115","66,1,3,1,1,0,1,1,1,100,54,1","7,9,21,28","20260801"
"mortgage calculator rhode island","N","58","110","11","","","0.69","0.49","105","42,52,33,42,100,33,33,42,52,23,33,80","7,28","20260801"
"mortgage calculator vanderbilt","T","61","110","20","","","0.56","0.24","97","29,10,15,23,10,5,5,7,5,4,4,3","28","20260801"
"mortgage calculator with biweekly","N","53","110","25","","","0.44","0.06","125","0,0,0,0,0,0,0,100,0,0,0,0","9,21,28","20260801"
"mortgage calculator with extra payments and biweekly","N","57","110","26","","","1.55","0.04","129","52,42,52,52,52,42,42,52,66,100,100,100","9,28","20260801"
"the mortgage calculator reviews","N","61","110","23","","","0.52","0.15","106","15,15,15,15,15,12,12,9,9,9,9,9","6,7,21,28,43,50","20260801"
"west virginia mortgage calculator","N","61","110","10","","","0.59","0.4","91","21,43,6,100,43,43,65,28,28,21,21,28","6,7,28","20260801"
"30-year vs 15-year mortgage calculator","N","61","90","27","","","0.77","0.3","129","5,18,18,23,15,23,18,6,6,3,3,5","7,9,21,28","20260801"
"5 1 adjustable rate mortgage calculator","N","62","90","19","","","2.14","0.16","20","82,52,52,64,52,5,41,52,52,64,100,41","28,50","20260801"
"5 year adjustable rate mortgage calculator","N","62","90","19","","","1.7","0.31","107","100,100,81,81,45,81,63,63,45,63,63,45","7,9,21,28,50","20260801"
"bi weekly vs monthly mortgage calculator","N","57","90","17","","","0.27","0.07","57","28,64,100,78,78,78,78,78,64,64,50,64","9,28","20260801"
"biweekly vs monthly mortgage calculator","N","57","90","20","","","0.46","0.11","129","64,52,41,52,64,52,52,41,52,52,41,64","9,21,28","20260801"
"mexico mortgage calculator","C,N","63","90","10","","","0","0.01","95","29,29,29,14,18,14,14,14,14,18,18,18","7,9,28","20260801"
"monthly vs bi weekly vs weekly mortgage calculator","N","56","90","22","","","0.27","0.15","172","100,63,81,63,81,81,81,100,100,100,100,63","9,21,28,50","20260801"
"mortgage calculator google widget","N","57","90","26","","","0","0.02","107","5,5,66,43,100,5,5,5,5,5,5,5","7,9,21,28,50","20260801"
"mortgage calculator recast","N","58","90","23","","","2.37","0.03","89","23,33,33,33,33,42,23,42,33,42,42,9","9,28","20260801"
"mortgage calculator seattle wa","N","59","90","28","","","1.61","0.47","80","100,28,34,28,21,15,12,15,21,34,34,9","7,9,21,28","20260801"
"mortgage calculator weekly vs bi weekly vs monthly","N","57","90","18","","","0.27","0.15","169","52,33,42,33,42,42,42,52,52,52,52,33","9,21,28,50","20260801"
"mortgage calculator with insurance and taxes texas","N","62","90","13","","","0.68","0.43","33","42,33,42,42,42,42,42,42,33,52,33,23","28,50","20260801"
"multi family mortgage calculator","N","63","90","23","","","2.3","0.6","128","12,43,34,34,34,43,34,28,21,21,21,21","9,21,28","20260801"
"tiny home mortgage calculator","N","56","90","18","","","1.89","0.26","18","100,100,63,100,63,63,63,63,45,63,63,36","9,21,28","20260801"
"5 1 arm mortgage calculator","N","58","70","22","","","1.78","0.32","115","26,34,34,26,19,42,15,19,26,34,26,42","7,9,21,28","20260801"
"5 yr arm mortgage calculator","N","64","70","23","","","1.69","0.29","95","63,63,63,63,63,81,63,81,63,100,81,81","7,9,21,28,50","20260801"
"adjustable mortgage calculator","N","66","70","18","","","2.04","0.13","120","41,41,52,52,11,23,41,52,41,41,41,100","9,21,28","20260801"
"bi monthly vs monthly mortgage calculator","N","58","70","19","","","0.49","0.1","116","41,64,52,52,52,52,41,41,41,41,41,29","9,21,28","20260801"
"buydown mortgage calculator","N","53","70","12","","","0.8","0.11","124","12,15,12,15,15,15,15,15,81,15,15,100","6,7,9,28","20260801"
"modular home mortgage calculator","N","56","70","17","","","1.39","0.32","82","2,3,2,3,2,3,2,4,1,5,5,7","6,7,9,21,28","20260801"
"mortgage calculator bi weekly","N","58","70","25","","","0.58","0.06","118","2,5,3,0,1,0,3,13,8,3,8,2","9,21,28","20260801"
"mortgage calculator biweekly payments","N","58","70","20","","","0.72","0.06","128","22,0,2,0,0,0,6,6,10,100,14,10","9,28","20260801"
"mortgage calculator denver colorado","N","54","70","9","","","1.64","0.61","103","78,50,100,64,50,50,50,50,35,35,35,14","7,9,28","20260801"
"mortgage calculator for arm loans","N","60","70","23","","","2.14","0.3","110","7,12,7,3,10,3,0,7,15,5,5,4","9,28","20260801"
"mortgage calculator for manufactured home","N","58","70","18","","","1.06","0.27","16","23,82,41,29,41,52,41,52,17,29,41,52","21,28,50","20260801"
"mortgage calculator manufactured home","N","58","70","18","","","1.06","0.27","81","100,14,10,8,6,8,10,10,2,2,2,6","7,9,28","20260801"
"mortgage calculator md","N","57","70","28","","","0.88","0.58","110","33,33,42,33,42,52,33,33,19,23,19,14","6,9,15,21,28","20260801"
"mortgage calculator monthly vs biweekly","N","56","70","25","","","0.49","0.1","108","29,52,52,52,52,82,100,64,17,17,11,11","9,21,28,50","20260801"
"nm mortgage calculator","C,N","60","70","11","","","1.49","0.52","111","29,29,41,41,41,41,23,41,64,17,23,100","7,9,21,28","20260801"
"vmf mortgage calculator","I,T","54","70","24","","","0.23","0.18","104","33,42,42,23,33,33,19,33,42,42,52,52","7,28","20260801"
"wi mortgage calculator","N","58","70","28","","","0.69","0.56","107","33,42,23,42,42,33,23,14,33,23,33,52","7,9,21,28","20260801"
"arm vs fixed rate mortgage calculator","N","62","50","24","","","2.68","0.23","117","9,52,42,14,9,9,33,14,19,19,14,23","9,21,28,50","20260801"
"bigger pockets mortgage calculator","I,T","59","50","12","","","3.2","0.16","106","17,41,41,29,23,29,29,29,41,41,41,29","6,9,15,21,28","20260801"
"btl mortgage calculator","N","46","50","16","","","0","0.1","110","12,9,6,6,9,6,9,12,9,6,9,6","9,28","20260801"
"buy sell mortgage calculator","T","66","50","28","","","1.4","0.37","117","77,55,55,44,77,55,55,22,22,22,22,22","9,28","20260801"
"compeer mortgage calculator","I,T","62","50","23","","","1.88","0.24","43","11,29,29,29,29,29,29,41,29,29,41,17","21,28,50","20260801"
"denver colorado mortgage calculator","N","54","50","6","","","1.35","0.49","99","22,44,100,55,77,77,33,77,22,55,55,77","7,9,21,28,50","20260801"
"esl mortgage calculator","I,T","63","50","24","","","0.49","0.15","106","23,41,41,23,17,23,23,29,29,29,29,29","28","20260801"
"invest or pay off mortgage calculator","N","51","50","18","","","1.11","0.04","144","29,52,52,64,17,64,17,23,11,11,11,17","6,7,9,21,28","20260801"
"mortgage calculator atlanta","N","56","50","24","","","1.04","0.57","104","19,15,42,7,42,26,7,7,7,7,11,7","21,28","20260801"
"mortgage calculator for oklahoma","N","57","50","27","","","0.71","0.52","98","4,12,4,2,4,1,2,1,1,9,2,100","7,21,28","20260801"
"mortgage calculator indianapolis","N","57","50","15","","","0.82","0.35","104","42,52,23,23,14,9,9,9,9,9,14,19","9,28","20260801"
"mortgage calculator with buydown","N","58","50","11","","","1.89","0.31","114","27,45,36,45,81,45,45,45,63,45,45,63","6,7,9,28","20260801"
"mortgage calculator with taxes and insurance ohio","N","66","50","26","","","0.64","0.53","123","28,78,78,50,14,14,28,14,21,21,21,21","7,9,28","20260801"
"omaha mortgage calculator","N","56","50","16","","","0.7","0.6","108","17,29,17,29,29,100,41,29,29,5,5,52","6,7,28,50","20260801"
"tax savings mortgage calculator","N","62","50","23","","","3.15","0.06","131","50,35,35,64,50,50,28,0,35,14,0,100","9,21,28","20260801"
"20 vs 30 year mortgage calculator","N","67","40","29","","","1.88","0.2","123","18,18,18,100,27,100,18,18,18,18,18,18","9,21,28","20260801"
"20 year vs 30 year mortgage calculator","N","64","40","28","","","1.88","0.2","118","14,21,21,78,28,78,14,14,14,14,14,14","7,9,21,28,50","20260801"
"30 vs 15 year mortgage calculator","N","62","40","23","","","0.67","0.47","127","78,21,21,35,14,28,14,21,14,14,14,21","7,9,28","20260801"
"30 vs 20 year mortgage calculator","N","69","40","24","","","1.88","0.2","121","18,18,18,100,18,100,18,18,18,18,18,18","7,9,21,28","20260801"
"5/1 adjustable rate mortgage calculator","N","57","40","25","","","2.14","0.16","109","0,0,0,0,63,63,45,27,45,100,81,100","7,21,28,50","20260801"
"arm vs fixed mortgage calculator","N","56","40","21","","","2.74","0.21","112","17,41,41,23,11,11,23,23,29,29,23,29","9,28","20260801"
"barclays mortgage calculator","I,T","54","40","26","","","2.31","0.11","","10,5,43,5,5,5,5,17,5,5,5,7","6,7,9,21,28","20260801"
"italian mortgage calculator","N","58","40","0","","","0","0.04","80","41,29,17,17,11,11,23,41,23,17,17,17","7,21,28","20260801"
"mortgage calculator biweekly vs monthly","N","56","40","20","","","0.27","0.07","145","50,28,28,14,21,21,21,28,64,21,14,21","9,21,28","20260801"
"mortgage calculator ct with taxes","N","64","40","25","","","0.69","0.37","110","14,23,33,33,9,9,9,9,14,14,19,19","6,7,28","20260801"
"mortgage calculator multifamily","N","56","40","23","","","2.29","0.41","128","10,12,10,10,10,10,10,12,5,5,2,5","7,9,28","20260801"
"mortgage calculator portland oregon","N","61","40","26","","","1.05","0.43","96","36,36,63,100,18,18,18,18,18,18,18,45","7,21,28","20260801"
"mortgage calculator with remaining balance","N","64","40","26","","","1.13","0.04","165","0,0,27,0,36,45,36,45,45,100,63,45","6,9,28","20260801"
"owner financed mortgage calculator","N","56","40","21","","","0.77","0.14","103","45,63,36,63,18,36,18,36,45,36,45,27","9,21,28","20260801"
"seller financing mortgage calculator","C,N","59","40","2","","","3.93","0.07","105","33,33,19,14,19,9,9,19,19,19,14,19","9,21,28","20260801"
"the mortgage calculator careers","N","49","40","13","","","0.98","0.26","","33,19,19,19,14,19,19,14,9,14,9,14","6,7,28","20260801"
"30 year to 15 year mortgage calculator","N","60","30","18","","","1.08","0.5","148","14,14,14,35,21,28,14,14,14,14,14,14","7,9,21,28,50","20260801"
"5 and 1 arm mortgage calculator","N","57","30","25","","","1.9","0.24","122","0,0,0,7,0,7,28,35,28,21,28,50","7,9,21,28,50","20260801"
"but to let mortgage calculator","T","46","30","20","","","1.67","0.08","119","45,45,63,0,27,9,0,0,27,36,45,45","9,28","20260801"
"buy down mortgage calculator","T","66","30","16","","","0.97","0.2","129","7,28,100,21,21,21,14,21,14,14,14,21","6,9,21,28","20260801"
"buy let mortgage calculator","T","54","30","15","","","1.41","0.08","125","100,57,42,57,42,14,14,0,0,28,28,71","7,9,28","20260801"
"cash vs mortgage calculator","N","65","30","21","","","1.68","0.06","130","14,4,6,4,4,4,4,6,4,6,8,8","6,9,28","20260801"
"coldwell banker mortgage calculator","C,N","46","30","0","","","1.32","0.31","106","18,18,18,18,18,27,18,18,45,18,18,27","21,28","20260801"
"mortgage calculator interest rate comparison","N","72","30","28","","","2.13","0.23","132","40,80,80,60,80,80,40,60,40,100,20,40","7,9,28","20260801"
"mortgage calculator texas with taxes and insurance and pmi","N","64","30","27","","","1.61","0.35","133","5,12,12,5,5,5,5,5,5,5,5,10","6,7,9,28","20260801"
"mortgage calculator with rate buy down","T","60","30","18","","","1.25","0.35","168","60,40,40,60,100,80,100,60,80,60,80,80","6,9,21,28","20260801"
"multi unit mortgage calculator","N","58","30","21","","","1.69","0.23","123","11,23,23,29,23,23,23,17,23,17,17,17","7,9,28","20260801"
"simple mortgage calculator oklahoma","N","62","30","15","","","1.21","0.43","106","100,100,80,40,40,40,40,40,40,40,40,40","7,9,21,28","20260801"
"simple mortgage calculator oregon","N","67","30","24","","","0.86","0.29","108","27,27,18,18,18,18,18,18,18,18,18,18","9,28","20260801"